{
  "outcome": {
    "dc": {
      "n": 32,
      "rps_mean": 0.2081127766803664,
      "rps_ci_lo": 0.1545229716378133,
      "rps_ci_hi": 0.2675760573810674,
      "rps_per_match": [
        0.20835822863195264,
        0.06447732908498278,
        0.1011059225991223,
        0.3696836789773239,
        0.08272315812314643,
        0.45464417067084395,
        0.008033038240683065,
        0.19696040197736672,
        0.08027121290691241,
        0.4418535644133116,
        0.14854116245797433,
        0.08679331744120564,
        0.49309041194802805,
        0.4957334976441121,
        0.06371488201032702,
        0.07115771346133065,
        0.1166451798094087,
        0.28319929798844545,
        0.009216888518307762,
        0.28578907106149354,
        0.15716422407592115,
        0.15803923659630897,
        0.08277400765762011,
        0.04088003356712365,
        0.1419055708548438,
        0.25283883558366643,
        0.21517969073702076,
        0.46717934138269906,
        0.17929784667850165,
        0.5840427633059346,
        0.007762748791252225,
        0.31055242657455323
      ],
      "log_loss": 1.1786096665970645,
      "accuracy": 0.53125
    },
    "elo": {
      "n": 32,
      "rps_mean": 0.20373421812846434,
      "rps_ci_lo": 0.16622337125281308,
      "rps_ci_hi": 0.24226435647139555,
      "rps_per_match": [
        0.05928338772910686,
        0.11549368731773438,
        0.24106126528141145,
        0.2436344992096859,
        0.1400006474173232,
        0.3571098817439665,
        0.19720531278165354,
        0.2875860155098239,
        0.036779224686876395,
        0.4697554035399726,
        0.13423835107338838,
        0.21721008606678843,
        0.3649844034219156,
        0.33623609362086077,
        0.17152964189567937,
        0.20986533917455047,
        0.20246166937659574,
        0.1175489335064645,
        0.06878596328256192,
        0.22038924856587871,
        0.22275766796402455,
        0.4291078813226368,
        0.17243471012821202,
        0.06110401094185515,
        0.15303578858350358,
        0.1472398787436194,
        0.09455444450990438,
        0.2421543168722777,
        0.11015813372329694,
        0.3566908803502555,
        0.05184466001081241,
        0.28725355175822187
      ],
      "log_loss": 1.0985261192648434,
      "accuracy": 0.46875
    },
    "ens": {
      "n": 32,
      "rps_mean": 0.19921372115931735,
      "rps_ci_lo": 0.15435199963559854,
      "rps_ci_hi": 0.24845396113785878,
      "rps_per_match": [
        0.14654150191298507,
        0.079143123470916,
        0.13238300823890245,
        0.32045263318609485,
        0.09784373152509468,
        0.41987165494206197,
        0.04266188615652319,
        0.22473027599140807,
        0.0628941952254209,
        0.4201778157257932,
        0.13811217423398517,
        0.1231977391998672,
        0.4470997246331197,
        0.4372450420699911,
        0.08491838367640861,
        0.1077971106709701,
        0.14263810873308075,
        0.21986229728342274,
        0.02222109488013611,
        0.262766330338604,
        0.1775767148350768,
        0.22610625808374993,
        0.10557810777599866,
        0.045981032231816495,
        0.1445086176879697,
        0.2141125895826529,
        0.16934507391197184,
        0.3839452865057641,
        0.1530040781890631,
        0.5020605728272306,
        0.017682183124008273,
        0.3023807302480664
      ],
      "log_loss": 1.0921654592780166,
      "accuracy": 0.5625
    },
    "baseline_uniform": {
      "n": 32,
      "rps_mean": 0.22569444444444448,
      "rps_ci_lo": 0.19965277777777782,
      "rps_ci_hi": 0.25173611111111116,
      "rps_per_match": [
        0.27777777777777785,
        0.27777777777777785,
        0.11111111111111112,
        0.11111111111111112,
        0.11111111111111112,
        0.27777777777777785,
        0.2777777777777778,
        0.27777777777777785,
        0.27777777777777785,
        0.27777777777777785,
        0.11111111111111112,
        0.11111111111111112,
        0.11111111111111112,
        0.27777777777777785,
        0.11111111111111112,
        0.27777777777777785,
        0.11111111111111112,
        0.27777777777777785,
        0.27777777777777785,
        0.27777777777777785,
        0.11111111111111112,
        0.27777777777777785,
        0.27777777777777785,
        0.2777777777777778,
        0.11111111111111112,
        0.2777777777777778,
        0.27777777777777785,
        0.27777777777777785,
        0.27777777777777785,
        0.27777777777777785,
        0.27777777777777785,
        0.27777777777777785
      ],
      "log_loss": 1.0986122886681098,
      "accuracy": 0.40625
    }
  },
  "goals": {
    "n": 32,
    "mae_a": 1.5059888126891985,
    "mae_b": 0.7009216204577602,
    "mae_avg": 1.1034552165734794,
    "rmse_a": 2.244598563388851,
    "rmse_b": 0.9626847002474728,
    "total_goals_mae": 1.8575810116561804,
    "goal_diff_mae": 1.7073225614854075,
    "directional_accuracy": 0.6363636363636364,
    "exact_score_acc": 0.0625,
    "within1_acc": 0.5,
    "scoreline_log_p": -3.8581443704981893,
    "naive_log_p": -3.2934750226121587,
    "bias_a": -0.9140089225131505,
    "bias_b": -0.02652518849950515,
    "bias_strong": -0.9401490571662554,
    "bias_weak": -0.8843834365729651
  }
}