{
  "Algeria": 1792.9860711526876,
  "Mali": 1647.6739569178108,
  "Cameroon": 1655.8564931442297,
  "Greece": 1666.4067546880528,
  "Belgium": 1846.4327073250934,
  "Mexico": 1848.3142474762185,
  "Argentina": 2012.4523010430346,
  "Malawi": 1420.4589720337121,
  "Tanzania": 1409.8273490894096,
  "Eswatini": 1330.4408963028402,
  "Botswana": 1404.1871132907609,
  "Kuwait": 1474.6321750738987,
  "France": 1968.5926090966007,
  "German DR": 1531.2224449443104,
  "Liberia": 1445.5562239790556,
  "Senegal": 1820.4269445643863,
  "Nigeria": 1742.7444674181838,
  "Ivory Coast": 1745.87190080778,
  "United Arab Emirates": 1640.361782274538,
  "Egypt": 1747.066312275484,
  "Thailand": 1534.9280818824948,
  "Kenya": 1465.0346669404819,
  "Colombia": 1891.410064471143,
  "Uruguay": 1848.4963572913184,
  "Indonesia": 1514.8147135476572,
  "Iran": 1833.439862519334,
  "Poland": 1691.7828310221894,
  "United States": 1749.0747043206547,
  "Costa Rica": 1692.4100565530375,
  "Romania": 1593.627037225443,
  "South Korea": 1824.3221958408665,
  "Norway": 1794.2439590559445,
  "Denmark": 1774.0454938992848,
  "Malta": 1304.914979948131,
  "Uganda": 1533.5875219648983,
  "Mauritius": 1272.9908914170144,
  "Togo": 1462.9185232592745,
  "Finland": 1529.0129577316275,
  "Bermuda": 1391.2353531349856,
  "Sweden": 1664.6446040544104,
  "Iraq": 1741.356382208253,
  "Russia": 1752.0608697479088,
  "Spain": 2023.661412775145,
  "Czechoslovakia": 1580.040249487991,
  "Netherlands": 1873.6786345756757,
  "Italy": 1803.6462705453976,
  "Morocco": 1881.7200597971967,
  "Bahrain": 1521.3969659528277,
  "Gambia": 1491.3281649683206,
  "Guinea-Bissau": 1385.3833508513533,
  "Oman": 1586.4647814155016,
  "Qatar": 1610.9892727610675,
  "Austria": 1751.4740254510534,
  "Germany": 1880.2136925576185,
  "Zambia": 1496.7521088805024,
  "Mozambique": 1492.0851459684086,
  "Angola": 1528.4357375016923,
  "Lesotho": 1429.6554977885562,
  "Zimbabwe": 1424.7878320973452,
  "Jamaica": 1623.9265083796968,
  "Barbados": 1249.193265253319,
  "Hungary": 1686.0063471041024,
  "Basque Country": 1626.6169153231206,
  "Saint Martin": 1369.8946696146986,
  "British Virgin Islands": 1164.7708095822454,
  "Saint Kitts and Nevis": 1355.0966031602777,
  "Antigua and Barbuda": 1267.8243573470738,
  "Sint Maarten": 1409.6779481663732,
  "Cayman Islands": 1207.8635711052598,
  "Northern Ireland": 1551.9605168792475,
  "England": 1935.8598175931772,
  "Brazil": 1913.1961089001643,
  "Israel": 1575.5955132257177,
  "Republic of Ireland": 1665.954767411569,
  "Wales": 1667.825930066173,
  "Luxembourg": 1392.7764303573883,
  "Iceland": 1550.55623807936,
  "Yugoslavia": 1593.202550586754,
  "Scotland": 1724.2905517973809,
  "Guernsey": 1669.922368361058,
  "Alderney": 1269.7710331607186,
  "Switzerland": 1818.9400761346255,
  "Turkey": 1846.4661194226544,
  "Saint Lucia": 1331.6032878854,
  "Grenada": 1354.6368418635732,
  "Cura\u00e7ao": 1587.699376439424,
  "Saint Vincent and the Grenadines": 1365.8898957915078,
  "Dominica": 1269.1645100435499,
  "Martinique": 1503.571181767078,
  "French Guiana": 1456.9045529556317,
  "Gabon": 1560.9969662722428,
  "Suriname": 1562.4146847500792,
  "Guyana": 1475.3026799033896,
  "Guadeloupe": 1517.197209637158,
  "Bulgaria": 1481.084085993506,
  "Jersey": 1722.9172978246293,
  "Andalusia": 1549.5013548598906,
  "Canada": 1789.4470800691606,
  "Mauritania": 1432.8458582172377,
  "Burkina Faso": 1652.8380724148224,
  "Georgia": 1568.373127384821,
  "Lithuania": 1297.5614627079547,
  "Liechtenstein": 1043.562136809699,
  "Albania": 1579.6635788470496,
  "Ghana": 1631.7150306539197,
  "Jordan": 1708.1257387914081,
  "Tunisia": 1726.9740453059565,
  "Namibia": 1454.5499343059143,
  "Trinidad and Tobago": 1527.3545128096687,
  "Japan": 1888.688526353278,
  "China": 1546.0699113199016,
  "North Korea": 1499.4806153537984,
  "DR Congo": 1702.6675495171464,
  "Faroe Islands": 1370.9481262083382,
  "R\u00e9union": 1573.5920445596316,
  "Congo": 1366.1603191018578,
  "New Zealand": 1683.6628591558767,
  "Ethiopia": 1415.4453951574549,
  "Sudan": 1474.125305000629,
  "Singapore": 1367.6017187729792,
  "Chad": 1268.0209346983345,
  "Benin": 1551.5078735988543,
  "Niger": 1497.2971517670687,
  "Madagascar": 1511.0828423598584,
  "Guinea": 1532.5195147530114,
  "Sierra Leone": 1485.4770401282026,
  "Comoros": 1455.1744550350859,
  "Australia": 1827.8804556967498,
  "Seychelles": 1101.92775019096,
  "Portugal": 1881.8587232002783,
  "Malaysia": 1505.6924840691634,
  "Yemen": 1366.9952367020244,
  "Pakistan": 1185.2347454845717,
  "Hong Kong": 1343.5851908730901,
  "Saudi Arabia": 1677.1629581734521,
  "Bangladesh": 1227.8993843287935,
  "Aruba": 1287.9183322574625,
  "Croatia": 1847.5240144696202,
  "Cyprus": 1334.43423688129,
  "Fiji": 1482.636365511359,
  "Solomon Islands": 1454.1039547170872,
  "New Caledonia": 1551.2362799076823,
  "Vanuatu": 1468.3854301510028,
  "Papua New Guinea": 1455.5611684885514,
  "Chile": 1685.3233106694252,
  "San Marino": 897.568643542675,
  "Guatemala": 1606.2918424699162,
  "Zanzibar": 1505.4551707611454,
  "Central African Republic": 1382.7739826476113,
  "Equatorial Guinea": 1454.8871223944516,
  "India": 1290.7177223343244,
  "Paraguay": 1828.209252806586,
  "Nicaragua": 1494.2807026859798,
  "El Salvador": 1483.6583723421227,
  "Haiti": 1659.7157964867577,
  "Puerto Rico": 1420.4098100579533,
  "Montserrat": 1342.910369051884,
  "Dominican Republic": 1455.8759481981356,
  "Panama": 1763.709941723633,
  "Honduras": 1630.6522186513205,
  "Anguilla": 1106.2119988268971,
  "Peru": 1672.3313817009944,
  "Ecuador": 1905.692767412142,
  "Bolivia": 1663.1047404246642,
  "Slovenia": 1639.791041856105,
  "Philippines": 1377.2973458968568,
  "Brunei": 1118.417432120581,
  "\u00c5land Islands": 1489.3501089927813,
  "Isle of Wight": 1586.2962644402821,
  "Ynys M\u00f4n": 1608.3610673924618,
  "Shetland": 1490.9118680884494,
  "Greenland": 1476.6845296226768,
  "Moldova": 1269.2205982757998,
  "Venezuela": 1715.7411091401495,
  "Guam": 1112.6985216227145,
  "Tahiti": 1499.6583943599824,
  "Wallis Islands and Futuna": 1441.3317407292589,
  "Estonia": 1358.701292954107,
  "Latvia": 1306.7154768927387,
  "Cape Verde": 1642.605903656215,
  "Vietnam": 1481.772862223519,
  "Myanmar": 1243.7763778254118,
  "Libya": 1537.7635767676095,
  "Sri Lanka": 1145.7584831244926,
  "Nepal": 1195.9966600852076,
  "Maldives": 1136.1798637762483,
  "Ukraine": 1742.402706423978,
  "Cuba": 1438.2743559185433,
  "Syria": 1581.7641175934325,
  "Kazakhstan": 1453.820269871576,
  "Turkmenistan": 1416.7696011550922,
  "Macau": 1033.5247451269815,
  "Taiwan": 1141.6369542151488,
  "Tajikistan": 1480.8693094267442,
  "Uzbekistan": 1777.1863487148073,
  "Burundi": 1383.854776579977,
  "Eritrea": 1266.633726212306,
  "Slovakia": 1635.0168071656053,
  "South Africa": 1610.7210380419244,
  "Kyrgyzstan": 1484.4349870760348,
  "Palestine": 1582.5244665775704,
  "Azerbaijan": 1356.8225646444137,
  "Armenia": 1411.5158653894644,
  "Belarus": 1500.4984457187888,
  "Lebanon": 1473.8984367170322,
  "Mongolia": 1150.1591994799069,
  "Laos": 1101.5359306075873,
  "Isle of Man": 1621.6722579548982,
  "Gibraltar": 1128.7915568768417,
  "North Macedonia": 1588.9657187739938,
  "Tonga": 1242.1494812518708,
  "Czech Republic": 1673.6194926331302,
  "Samoa": 1355.1854781724826,
  "American Samoa": 1228.1084352897612,
  "Somalia": 1186.8092071056521,
  "Djibouti": 1156.8785102194136,
  "Serbia": 1678.6835604672344,
  "Cook Islands": 1270.0021587437084,
  "Rwanda": 1421.2645835070198,
  "Belize": 1327.3991633137205,
  "Bosnia and Herzegovina": 1584.9891431625958,
  "Cambodia": 1168.9714746622494,
  "Canary Islands": 1505.0125162323966,
  "Andorra": 1122.2794816345108,
  "Fr\u00f8ya": 1347.9422956682772,
  "Hitra": 1427.235637594095,
  "Catalonia": 1578.445787960278,
  "United States Virgin Islands": 1160.1691590857931,
  "Corsica": 1519.3458399702263,
  "Brittany": 1505.1772234503308,